GROUP,PACKAGE,CLASS,INSTRUCTION_MISSED,INSTRUCTION_COVERED,BRANCH_MISSED,BRANCH_COVERED,LINE_MISSED,LINE_COVERED,COMPLEXITY_MISSED,COMPLEXITY_COVERED,METHOD_MISSED,METHOD_COVERED
Java Sentiment Analysis,sentiment.models,NaiveBayesClassifier,254,0,20,0,61,0,29,0,19,0
Java Sentiment Analysis,sentiment.models,SVMClassifier,752,554,44,24,134,112,52,26,22,22
Java Sentiment Analysis,sentiment.models,ClassifierTrainingTemplate,704,441,34,24,126,94,46,29,24,22
Java Sentiment Analysis,sentiment.models,CrossValidator.CrossValidationResult,361,0,14,0,45,0,13,0,6,0
Java Sentiment Analysis,sentiment.models,LogisticRegressionClassifier,254,0,20,0,61,0,29,0,19,0
Java Sentiment Analysis,sentiment.models,WekaModelPersistence,354,0,24,0,79,0,22,0,10,0
Java Sentiment Analysis,sentiment.models,BatchOptimizationConfig.Builder,0,70,0,6,0,23,0,10,0,7
Java Sentiment Analysis,sentiment.models,BatchOptimizationConfig,0,116,0,4,0,28,0,15,0,13
Java Sentiment Analysis,sentiment.models,SVMHyperparameterSearch,870,0,52,0,135,0,41,0,14,0
Java Sentiment Analysis,sentiment.models,CrossValidator,672,0,36,0,114,0,32,0,14,0
Java Sentiment Analysis,sentiment.models,SentimentClassifier,4,9,0,2,1,3,1,2,1,1
Java Sentiment Analysis,sentiment.models,WekaModelPersistence.ModelBundle,26,0,0,0,9,0,1,0,1,0
Java Sentiment Analysis,sentiment.models,SVMConfig.KernelType,3,41,0,0,1,9,1,3,1,3
Java Sentiment Analysis,sentiment.models,SVMConfig,251,141,32,12,40,37,37,5,14,5
Java Sentiment Analysis,sentiment.models,BatchPredictor,163,993,34,94,28,216,33,55,1,23
Java Sentiment Analysis,sentiment.models,AlgorithmType,189,65,26,0,32,12,18,3,5,3
Java Sentiment Analysis,sentiment.models,BatchPredictor.new ThreadFactory() {...},0,27,0,0,0,5,0,2,0,2
Java Sentiment Analysis,sentiment.models,RandomForestClassifier,331,0,24,0,74,0,33,0,21,0
Java Sentiment Analysis,sentiment.models,CrossValidator.FoldMetrics,9,0,0,0,4,0,1,0,1,0
Java Sentiment Analysis,sentiment.models,BatchPredictor.MiniBatchResult,0,9,0,0,0,4,0,1,0,1
Java Sentiment Analysis,sentiment.models,BatchProcessingMetrics,28,283,5,5,5,53,10,15,5,15
Java Sentiment Analysis,sentiment.models,WekaModelPersistence.ModelMetadata,65,0,0,0,11,0,2,0,2,0
Java Sentiment Analysis,sentiment.training,ModelTrainer.TrainingResult,188,0,2,0,34,0,16,0,15,0
Java Sentiment Analysis,sentiment.training,ModelTrainingCLI.Config,18,0,0,0,6,0,1,0,1,0
Java Sentiment Analysis,sentiment.training,ModelTrainer,618,0,32,0,115,0,31,0,13,0
Java Sentiment Analysis,sentiment.training,ModelTrainingCLI,574,0,44,0,144,0,35,0,9,0
Java Sentiment Analysis,sentiment,SentimentAnalyzerApplication,30,0,0,0,10,0,3,0,3,0
Java Sentiment Analysis,sentiment,PipelineState,111,64,27,5,14,14,21,6,5,5
Java Sentiment Analysis,sentiment.models.exceptions,ClassifierTrainingException.TrainingFailureReason,70,0,0,0,13,0,3,0,3,0
Java Sentiment Analysis,sentiment.models.exceptions,SentimentClassifierException,168,0,10,0,29,0,15,0,10,0
Java Sentiment Analysis,sentiment.models.exceptions,ClassifierTrainingException,93,0,12,0,25,0,17,0,8,0
Java Sentiment Analysis,sentiment.evaluation,FeatureImportanceAnalyzer.FeatureStatistics,53,0,0,0,9,0,2,0,2,0
Java Sentiment Analysis,sentiment.evaluation,ClassifierEvaluationResult.ClassMetrics,0,55,0,0,0,12,0,6,0,6
Java Sentiment Analysis,sentiment.evaluation,FeatureImportanceAnalyzer.FeatureImportanceResult,93,0,0,0,15,0,4,0,4,0
Java Sentiment Analysis,sentiment.evaluation,StratifiedDataSplitter.DataSplit,0,59,0,0,0,8,0,3,0,3
Java Sentiment Analysis,sentiment.evaluation,CalibrationMetrics,155,541,6,34,22,97,4,39,1,22
Java Sentiment Analysis,sentiment.evaluation,StratifiedDataSplitter,3,594,4,36,1,89,5,21,1,5
Java Sentiment Analysis,sentiment.evaluation,FeatureImportanceAnalyzer.FeatureWeight,34,0,0,0,7,0,2,0,2,0
Java Sentiment Analysis,sentiment.evaluation,CalibrationMetrics.CalibrationBin,6,120,0,6,2,18,2,9,2,6
Java Sentiment Analysis,sentiment.evaluation,FeatureImportanceAnalyzer,407,0,14,0,83,0,20,0,13,0
Java Sentiment Analysis,sentiment.evaluation,AUCCalculator.ROCPoint,0,9,0,0,0,4,0,1,0,1
Java Sentiment Analysis,sentiment.evaluation,AUCCalculator.PredictionLabel,0,9,0,0,0,4,0,1,0,1
Java Sentiment Analysis,sentiment.evaluation,AUCCalculator.PRPoint,0,9,0,0,0,4,0,1,0,1
Java Sentiment Analysis,sentiment.evaluation,ClassifierEvaluationResult,2,822,4,58,0,114,4,58,0,31
Java Sentiment Analysis,sentiment.evaluation,AUCCalculator,3,484,1,47,1,98,2,33,1,10
Java Sentiment Analysis,sentiment.preprocessing,WekaThreadSafetyValidator.ValidationResult,12,0,0,0,5,0,1,0,1,0
Java Sentiment Analysis,sentiment.preprocessing,TFIDFFeatureExtractor,1408,4,96,0,270,1,86,1,38,1
Java Sentiment Analysis,sentiment.preprocessing,TFIDFFeatureExtractor.VocabularyStats,47,0,0,0,9,0,2,0,2,0
Java Sentiment Analysis,sentiment.preprocessing,TextPreprocessor.CleaningMetrics,89,0,0,0,13,0,2,0,2,0
Java Sentiment Analysis,sentiment.preprocessing,WekaInstancesConverter.FilterStats,52,0,0,0,9,0,2,0,2,0
Java Sentiment Analysis,sentiment.preprocessing,FilterTrainingTemplate,381,0,26,0,87,0,29,0,16,0
Java Sentiment Analysis,sentiment.preprocessing,PreprocessingPipeline,8,0,0,0,2,0,2,0,2,0
Java Sentiment Analysis,sentiment.preprocessing,WekaThreadSafetyValidator,170,0,16,0,40,0,13,0,5,0
Java Sentiment Analysis,sentiment.preprocessing,AdvancedTokenizer,175,617,33,53,38,122,24,38,3,16
Java Sentiment Analysis,sentiment.preprocessing,TextPreprocessor.PipelineVersionInfo,78,0,0,0,9,0,3,0,3,0
Java Sentiment Analysis,sentiment.preprocessing,TFIDFFeatureExtractor.VocabularyAnalysis,57,0,0,0,10,0,2,0,2,0
Java Sentiment Analysis,sentiment.preprocessing,TextPreprocessor.PipelineState,203,373,12,20,36,78,13,13,4,6
Java Sentiment Analysis,sentiment.preprocessing,TextCleaner,24,0,4,0,6,0,3,0,1,0
Java Sentiment Analysis,sentiment.preprocessing,ContractionExpander,2,595,2,20,1,116,2,23,0,14
Java Sentiment Analysis,sentiment.preprocessing,WekaInstancesConverter.DataSplit,46,0,0,0,8,0,2,0,2,0
Java Sentiment Analysis,sentiment.preprocessing,WekaInstancesConverter.VersionedConversionConfig,88,0,0,0,14,0,2,0,2,0
Java Sentiment Analysis,sentiment.preprocessing,TFIDFFeatureExtractor.FeatureConfig,80,0,0,0,13,0,2,0,2,0
Java Sentiment Analysis,sentiment.preprocessing,IntelligentStopwordRemover.StopwordAnalysis,100,0,2,0,14,0,4,0,3,0
Java Sentiment Analysis,sentiment.preprocessing,TFIDFFeatureExtractor.FeatureQualityMetrics,35,0,0,0,7,0,2,0,2,0
Java Sentiment Analysis,sentiment.preprocessing,TextPreprocessor.PipelineSummary,48,0,0,0,8,0,2,0,2,0
Java Sentiment Analysis,sentiment.preprocessing,AdvancedTokenizer.TokenType,63,0,0,0,12,0,3,0,3,0
Java Sentiment Analysis,sentiment.preprocessing,WekaInstancesConverter.ConversionStats,65,0,0,0,12,0,2,0,2,0
Java Sentiment Analysis,sentiment.preprocessing,IntelligentStopwordRemover.StopwordComparisonResult,125,0,8,0,21,0,8,0,4,0
Java Sentiment Analysis,sentiment.preprocessing,WekaInstancesConverter,1478,4,112,0,301,1,105,1,49,1
Java Sentiment Analysis,sentiment.preprocessing,IntelligentStopwordRemover,498,723,56,0,88,7,53,1,24,1
Java Sentiment Analysis,sentiment.preprocessing,WekaInstancesConverter.FeatureDistribution,44,0,0,0,8,0,2,0,2,0
Java Sentiment Analysis,sentiment.preprocessing,ContractionExpander.ContractionStats,17,9,0,0,2,1,1,1,1,1
Java Sentiment Analysis,sentiment.preprocessing,AdvancedTokenizer.TokenizationAnalysis,29,15,0,0,2,1,1,1,1,1
Java Sentiment Analysis,sentiment.preprocessing,IntelligentStopwordRemover.StopwordStrategy,42,0,0,0,9,0,3,0,3,0
Java Sentiment Analysis,sentiment.preprocessing,AdvancedTokenizer.TokenizationMetrics,28,98,0,0,3,17,1,2,1,2
Java Sentiment Analysis,sentiment.preprocessing,TFIDFFeatureExtractor.FeatureExtractionResult,15,0,0,0,6,0,1,0,1,0
Java Sentiment Analysis,sentiment.preprocessing,WekaInstancesConverter.PerformanceMetrics,52,0,0,0,9,0,2,0,2,0
Java Sentiment Analysis,sentiment.preprocessing,TextPreprocessor,653,418,38,26,158,100,36,22,14,12
Java Sentiment Analysis,sentiment.preprocessing,TextPreprocessor.PreprocessingStats,115,0,6,0,15,0,8,0,5,0
Java Sentiment Analysis,sentiment.preprocessing,AdvancedTokenizer.TokenizationComparison,30,20,0,0,5,6,1,1,1,1
Java Sentiment Analysis,sentiment.api,SentimentController.IndexedResult,15,0,0,0,3,0,3,0,3,0
Java Sentiment Analysis,sentiment.api,SentimentResponse,36,0,0,0,3,0,3,0,3,0
Java Sentiment Analysis,sentiment.api,SentimentRequest,14,0,0,0,3,0,2,0,2,0
Java Sentiment Analysis,sentiment.api,ErrorResponse,100,0,0,0,39,0,15,0,15,0
Java Sentiment Analysis,sentiment.api,TextListValidator,104,0,12,0,27,0,9,0,3,0
Java Sentiment Analysis,sentiment.api,RestApiExceptionHandler,131,0,2,0,23,0,12,0,11,0
Java Sentiment Analysis,sentiment.api,SentimentController,343,0,32,0,75,0,24,0,8,0
Java Sentiment Analysis,sentiment.api,BatchResponse,61,0,4,0,5,0,6,0,4,0
Java Sentiment Analysis,sentiment.api,ValidationConstants,7,0,0,0,2,0,1,0,1,0
Java Sentiment Analysis,sentiment.api,HealthResponse,27,0,0,0,2,0,2,0,2,0
Java Sentiment Analysis,sentiment.api,BatchRequest,14,0,0,0,3,0,2,0,2,0
Java Sentiment Analysis,sentiment.config,SentimentConfiguration.SentimentProperties.ModelConfig.PreprocessingConfig,23,0,0,0,9,0,5,0,5,0
Java Sentiment Analysis,sentiment.config,SentimentConfiguration.SentimentProperties.ModelConfig,35,0,0,0,13,0,7,0,7,0
Java Sentiment Analysis,sentiment.config,SentimentConfiguration,480,0,36,0,97,0,27,0,9,0
Java Sentiment Analysis,sentiment.config,SentimentConfiguration.SentimentProperties,27,0,0,0,9,0,5,0,5,0
Java Sentiment Analysis,sentiment.config,SentimentConfiguration.SentimentProperties.PerformanceConfig,23,0,0,0,9,0,5,0,5,0
Java Sentiment Analysis,sentiment.data,DatasetValidationUtils,196,110,24,12,38,29,21,6,3,6
Java Sentiment Analysis,sentiment.data,DatasetLoaderRegistry,76,804,10,40,17,158,10,31,0,16
Java Sentiment Analysis,sentiment.data,DatasetAnalysis,67,18,4,0,6,1,4,1,2,1
Java Sentiment Analysis,sentiment.data,FieldExtractor.FieldMapping,9,88,0,4,2,19,2,6,2,4
Java Sentiment Analysis,sentiment.data,DatasetLoadResult,23,18,0,0,2,1,1,1,1,1
Java Sentiment Analysis,sentiment.data,LoadingCapabilityInfo,27,15,0,0,2,1,1,1,1,1
Java Sentiment Analysis,sentiment.data,DataLoadingException,112,10,12,0,20,4,12,1,6,1
Java Sentiment Analysis,sentiment.data,Dataset.Builder,0,58,0,0,0,21,0,8,0,8
Java Sentiment Analysis,sentiment.data,FieldExtractor.ExtractionResult,17,41,0,2,4,10,4,6,4,5
Java Sentiment Analysis,sentiment.data,DatasetValidationUtils.ValidationResult,21,34,0,0,5,10,5,5,5,5
Java Sentiment Analysis,sentiment.data,DatasetLoader,6,40,5,7,3,7,5,2,0,1
Java Sentiment Analysis,sentiment.data,DatasetLoadingStats,105,130,10,6,17,24,16,10,8,10
Java Sentiment Analysis,sentiment.data,DataLoadingLimits.SampleSizeValidation,1,34,1,1,0,10,1,6,0,6
Java Sentiment Analysis,sentiment.data,CsvLoaderBase,193,302,25,27,44,85,18,21,3,10
Java Sentiment Analysis,sentiment.data,DatasetLoader.CompatibilityTestResult,17,131,8,12,1,13,7,9,1,5
Java Sentiment Analysis,sentiment.data,DataLoadingLimits,284,526,34,30,39,106,30,24,5,17
Java Sentiment Analysis,sentiment.data,CombinedDatasetResult,17,16,0,0,2,2,1,2,1,2
Java Sentiment Analysis,sentiment.data,FieldExtractor,124,260,14,16,25,28,19,9,8,5
Java Sentiment Analysis,sentiment.data,ServiceReviewsLoader,66,113,16,6,14,33,12,6,1,6
Java Sentiment Analysis,sentiment.data,ProductReviewsLoader,112,94,24,8,22,26,18,6,2,6
Java Sentiment Analysis,sentiment.data,Dataset.SentimentLabel,0,80,0,8,0,18,0,10,0,5
Java Sentiment Analysis,sentiment.data,AmazonPolarityLoader,52,29,5,1,16,8,4,5,1,5
Java Sentiment Analysis,sentiment.data,Dataset,1,378,7,31,0,56,7,37,0,25
Java Sentiment Analysis,sentiment.util,ValidationUtils,15,24,2,6,3,6,3,6,2,3
